Country,TradeType,12/1/2022,11/1/2022,10/1/2022,9/1/2022,8/1/2022,7/1/2022,6/1/2022,5/1/2022,4/1/2022,3/1/2022,2/1/2022,1/1/2022,12/1/2021,11/1/2021,10/1/2021,9/1/2021,8/1/2021,7/1/2021,6/1/2021,5/1/2021,4/1/2021,3/1/2021,2/1/2021,1/1/2021,12/1/2020,11/1/2020,10/1/2020,9/1/2020,8/1/2020,7/1/2020,6/1/2020,5/1/2020,4/1/2020,3/1/2020,2/1/2020,1/1/2020
Afghanistan,Exports,214,272,345,453,232,240,138,101,72,179,411,527,510,281,198,321,419,738,1996,1621,1190,3687,1614,501,877,648,967,2796,993,2656,1752,3709,1771,5293,2199,3606
Afghanistan,Imports,61,26,9,19,107,82,8,85,20,10,99,20,63,18,32,28,47,2538,51,133,32,133,18,139,45,18,19,13,38,11,72,15,16,6,66,7
Afghanistan,TradeBalance,153,246,336,434,125,158,130,16,52,169,312,507,447,263,166,293,372,-1800,1945,1488,1158,3554,1596,362,832,630,948,2783,955,2645,1680,3694,1755,5287,2133,3599
Anguilla,Imports,0,0,1,0,9,0,2,1,4,1,1,2,9,2,2,4,1,1,1,28,1,2,2,3,32,0,1,1,8,3,1,3,2,1,0,3
Anguilla,TradeBalance,0,0,-1,0,-9,0,-2,-1,-4,-1,-1,-2,-9,-2,-2,-4,-1,-1,-1,-28,-1,-2,-2,-3,-32,0,-1,-1,-8,-3,-1,-3,-2,-1,0,-3
Argentina,Exports,22119,20687,23605,52858,43246,14329,19515,20947,19646,21158,17621,21644,20157,14505,19245,14142,30823,15396,14710,12881,9823,27130,25397,15448,13991,24262,24618,19813,18869,22679,17948,8026,19985,9210,14307,21408
Argentina,Imports,11273,6775,14908,13163,11801,10327,11559,16397,6341,6657,8302,9694,11374,6754,4130,6413,3670,5193,5036,4964,8657,3075,2926,21986,6324,29741,5067,3643,5407,33559,4426,5059,6489,16477,3057,6161
Argentina,TradeBalance,10846,13912,8697,39695,31445,4002,7956,4550,13305,14501,9319,11950,8783,7751,15115,7729,27153,10203,9674,7917,1166,24055,22471,-6538,7667,-5479,19551,16170,13462,-10880,13522,2967,13496,-7267,11250,15247
Australia,Exports,1711317,1794035,1628700,1923247,2060828,2252228,2215085,1941642,2138137,2063439,1492564,1650218,1759211,1824798,1510286,1587352,1659399,1444302,1676135,1387861,1229534,1420177,1027770,975143,939170,956920,985939,1016997,1096371,1061895,859951,888542,926290,972067,1077157,1016684
Australia,Imports,1253373,577829,1246296,1447901,696980,924529,1020536,977494,1454940,759708,744590,682538,639275,825231,860118,528741,570750,1056177,742066,840448,929295,1015957,1077095,634384,432820,1279412,522414,359877,457100,380570,330132,328456,480764,743553,500418,695463
Australia,TradeBalance,457944,1216206,382404,475346,1363848,1327699,1194549,964148,683197,1303731,747974,967680,1119936,999567,650168,1058611,1088649,388125,934069,547413,300239,404220,-49325,340759,506350,-322492,463525,657120,639271,681325,529819,560086,445526,228514,576739,321221
Austria,Exports,49367,40047,60000,60601,36414,30552,35724,28787,33756,62120,22749,39656,33729,32128,36829,35993,50973,25669,34712,25027,37524,50420,16523,21458,17658,15554,23572,28907,20772,19713,18522,17106,17305,20216,29566,25822
Austria,Imports,104665,105084,101231,130438,105197,118935,114118,116496,82248,106396,80431,83123,83670,103436,100316,162633,83447,88077,96163,101445,94048,99453,71945,81536,82619,65703,78136,72914,62639,74273,62225,55455,95240,74845,73180,80100
Austria,TradeBalance,-55298,-65037,-41231,-69837,-68783,-88383,-78394,-87709,-48492,-44276,-57682,-43467,-49941,-71308,-63487,-126640,-32474,-62408,-61451,-76418,-56524,-49033,-55422,-60078,-64961,-50149,-54564,-44007,-41867,-54560,-43703,-38349,-77935,-54629,-43614,-54278
Bahamas,Imports,11,4,4,4,0,6,14704,11,2,0,6,47,7294,3,1,20616,0,29503,2,3,33298,17,0,118553,0,152881,54,13702,6173,63061,20,1,31,8,37085,0
Bahamas,TradeBalance,-11,-4,-4,-4,0,-6,-14704,-11,-2,0,-6,-47,-7294,-3,-1,-20616,0,-29503,-2,-3,-33298,-17,0,-118553,0,-152881,-54,-13702,-6173,-63061,-20,-1,-31,-8,-37085,0
Bahrain,Exports,24163,21034,121596,41003,48485,10775,59388,10005,21131,35338,19719,29439,44255,6233,9780,7811,78137,14613,15366,4758,7632,10704,7928,5873,6783,9353,6255,5994,5882,5658,6077,7540,9007,20071,27903,9776
Bahrain,Imports,44949,11520,66675,2744,7085,165713,197690,293928,76907,4672,1358,4480,467,106807,7539,6177,1997,1358,2994,1288,48667,44708,1495,98458,1371,13810,702,28445,51275,71381,41364,12630,26190,2924,1087,654
Bahrain,TradeBalance,-20786,9514,54921,38259,41400,-154938,-138302,-283923,-55776,30666,18361,24959,43788,-100574,2241,1634,76140,13255,12372,3470,-41035,-34004,6433,-92585,5412,-4457,5553,-22451,-45393,-65723,-35287,-5090,-17183,17147,26816,9122
Bangladesh,Exports,294037,339772,465380,547112,534857,555989,857101,577713,623837,774546,674445,406728,386488,446226,598866,538925,357449,347409,429289,356064,295743,428361,305629,375673,355909,321464,294936,312865,244705,237348,206126,120441,117469,346749,350375,355011
Bangladesh,Imports,27270,25709,18536,18308,36996,18815,20745,23744,18850,19840,16678,21085,22103,19117,23805,20565,16958,12067,12640,17516,19130,20374,15507,34207,25556,14127,10000,19293,15842,23266,12128,3725,3979,27294,19551,51163
Bangladesh,TradeBalance,266767,314063,446844,528804,497861,537174,836356,553969,604987,754706,657767,385643,364385,427109,575061,518360,340491,335342,416649,338548,276613,407987,290122,341466,330353,307337,284936,293572,228863,214082,193998,116716,113490,319455,330824,303848
Belgium,Exports,432376,756814,350565,386724,570824,991586,588520,617646,668060,1446036,1007201,702940,457888,463968,823155,450170,334717,760892,585846,773462,590664,1094463,447254,470384,228581,411750,714179,443025,339644,254329,386915,925654,1176482,550919,624401,618487
Belgium,Imports,103655,121773,88796,215978,132917,224676,114704,116817,146603,319393,247242,170868,129536,131031,250735,155819,98508,183841,117345,151574,174581,128928,191622,119744,133445,209539,83657,80823,99286,102317,73457,77945,126970,136150,176921,124193
Belgium,TradeBalance,328721,635041,261769,170746,437907,766910,473816,500829,521457,1126643,759959,532072,328352,332937,572420,294351,236209,577051,468501,621888,416083,965535,255632,350640,95136,202211,630522,362202,240358,152012,313458,847709,1049512,414769,447480,494294
Bermuda,Imports,0,4,0,3,2,1,0,6,0,1,0,0,0,0,0,0,0,0,0,1,0,1,2,2,0,5,5,1,0,2,0,0,0,0,0,81
Bermuda,TradeBalance,0,-4,0,-3,-2,-1,0,-6,0,-1,0,0,0,0,0,0,0,0,0,-1,0,-1,-2,-2,0,-5,-5,-1,0,-2,0,0,0,0,0,-81
Brazil,Exports,227374,170736,202358,274320,258914,215066,262228,223271,226969,247555,224065,241165,213101,208240,189878,237400,222820,172383,148807,166752,182993,153024,135666,133207,123050,120289,164933,153143,151182,155958,155885,148795,118918,155337,148178,140481
Brazil,Imports,1004171,1132945,917460,833293,968690,928891,1070887,954871,836482,516453,458528,794992,340507,660963,671501,491662,464768,550466,481364,459091,572109,328849,173894,283000,304498,302065,153734,510784,204266,190282,418057,288817,237606,310852,331188,404695
Brazil,TradeBalance,-776797,-962209,-715102,-558973,-709776,-713825,-808659,-731600,-609513,-268898,-234463,-553827,-127406,-452723,-481623,-254262,-241948,-378083,-332557,-292339,-389116,-175825,-38228,-149793,-181448,-181776,11199,-357641,-53084,-34324,-262172,-140022,-118688,-155515,-183010,-264214
Brunei Darussalam,Exports,75900,65457,67063,81269,101311,107918,142268,75842,140971,91187,95335,77716,86822,68707,69829,99576,74375,68665,100088,80670,118678,89926,69131,75420,83374,94592,81584,78402,93730,87799,114980,64689,105793,92062,98823,92138
Brunei Darussalam,Imports,143124,121051,214994,208537,311958,248815,247045,307654,446823,178316,161909,118376,238510,272043,180268,175584,209182,137283,105693,44843,110472,102303,56593,71088,99093,26766,54504,67999,36769,25927,36456,49763,96185,70923,242796,278270
Brunei Darussalam,TradeBalance,-67224,-55594,-147931,-127268,-210647,-140897,-104777,-231812,-305852,-87129,-66574,-40660,-151688,-203336,-110439,-76008,-134807,-68618,-5605,35827,8206,-12377,12538,4332,-15719,67826,27080,10403,56961,61872,78524,14926,9608,21139,-143973,-186132
Cambodia,Exports,195030,280992,594395,1504662,1087906,1698433,1042776,1485468,629986,339098,630559,1295867,1260386,732835,721899,363127,238718,422961,619307,337789,625369,1555131,1134340,872487,538116,336505,86356,70633,77148,86990,92601,80030,76917,240034,173729,217874
Cambodia,Imports,25899,16407,9089,12607,21829,27796,13225,16501,22457,45772,15084,21450,31564,28814,24301,37593,26978,19376,56097,48635,9052,10119,8790,11719,29143,47185,129737,392992,632266,683841,617967,661600,77181,162348,196936,17055
Cambodia,TradeBalance,169131,264585,585306,1492055,1066077,1670637,1029551,1468967,607529,293326,615475,1274417,1228822,704021,697598,325534,211740,403585,563210,289154,616317,1545012,1125550,860768,508973,289320,-43381,-322359,-555118,-596851,-525366,-581570,-264,77686,-23207,200819
Canada,Exports,113586,96999,110044,134488,131512,98556,117975,135649,135415,100621,134416,120336,121091,100868,162562,102241,64976,70533,64928,56833,73612,81613,53698,57019,138534,220004,76252,62009,75216,62895,93620,53696,99261,92034,347609,206609
Canada,Imports,211232,224872,213606,241035,599499,284927,215581,200837,204489,253586,197815,227718,208080,174473,160527,206693,190389,135866,156569,161662,154303,158223,148067,143758,142990,140967,153105,93748,149755,186771,178313,148801,248425,228461,200223,568765
Canada,TradeBalance,-97646,-127873,-103562,-106547,-467987,-186371,-97606,-65188,-69074,-152965,-63399,-107382,-86989,-73605,2035,-104452,-125413,-65333,-91641,-104829,-80691,-76610,-94369,-86739,-4456,79037,-76853,-31739,-74539,-123876,-84693,-95105,-149164,-136427,147386,-362156
Chile,Exports,8570,8683,7161,44538,12651,45894,13614,10700,15877,9391,7132,44153,11418,8008,9500,8571,7373,8260,9418,9304,8803,11969,10479,37295,9352,39681,8325,8011,9114,7410,45535,17493,41143,7821,7761,7662
Chile,Imports,16649,13831,11567,29599,75458,20111,11018,15492,9497,17065,36587,8949,14408,5380,7369,4344,3087,18933,8616,7156,37332,9915,6544,7883,6539,4778,5624,6447,4721,5680,6004,4981,4545,6774,7339,7693
Chile,TradeBalance,-8079,-5148,-4406,14939,-62807,25783,2596,-4792,6380,-7674,-29455,35204,-2990,2628,2131,4227,4286,-10673,802,2148,-28529,2054,3935,29412,2813,34903,2701,1564,4393,1730,39531,12512,36598,1047,422,-31
Cocos,Imports,2,0,2,0,7,1,0,0,1,14,0,3,8,1,3,2,7,7,3,0,37,26,3,15,0,0,1,0,2,17,34,39,4,1,0,113
Cocos,TradeBalance,-2,0,-2,0,-7,-1,0,0,-1,-14,0,-3,-8,-1,-3,-2,-7,-7,-3,0,-37,-26,-3,-15,0,0,-1,0,-2,-17,-34,-39,-4,-1,0,-113
Colombia,Exports,12036,13459,16109,20157,17219,12527,16538,21873,12163,14728,11796,12948,17770,10298,9976,8408,14789,9625,11034,8745,9633,12873,6364,8665,5912,8180,7973,6980,7655,6075,9394,6001,8058,11027,10956,7089
Colombia,Imports,7915,4436,2200,10518,9806,1927,84394,50735,16128,29549,5529,87646,6265,36366,2220,39770,2326,49029,45251,1941,5433,1735,4584,3456,114772,5337,2535,1522,667,8215,1468,8573,2934,4391,886,33246
Colombia,TradeBalance,4121,9023,13909,9639,7413,10600,-67856,-28862,-3965,-14821,6267,-74698,11505,-26068,7756,-31362,12463,-39404,-34217,6804,4200,11138,1780,5209,-108860,2843,5438,5458,6988,-2140,7926,-2572,5124,6636,10070,-26157
Commonwealth Of Independent States,Imports,559381,355213,211147,192289,170747,268726,262627,7728,250158,80641,602562,851550,1284255,528714,651746,183325,251962,459893,322355,299298,329976,662110,249138,255076,334499,266754,196344,267925,111769,121840,138743,95398,99266,112905,152797,354678
Commonwealth Of Independent States,TradeBalance,-559381,-355213,-211147,-192289,-170747,-268726,-262627,-7728,-250158,-80641,-602562,-851550,-1284255,-528714,-651746,-183325,-251962,-459893,-322355,-299298,-329976,-662110,-249138,-255076,-334499,-266754,-196344,-267925,-111769,-121840,-138743,-95398,-99266,-112905,-152797,-354678
Cook Islands,Imports,0,0,0,23,0,0,1,83,17,0,0,0,0,14,10,5,4,1,28,3,1,0,0,0,0,0,0,0,0,153,0,0,1,4,1,6
Cook Islands,TradeBalance,0,0,0,-23,0,0,-1,-83,-17,0,0,0,0,-14,-10,-5,-4,-1,-28,-3,-1,0,0,0,0,0,0,0,0,-153,0,0,-1,-4,-1,-6
Cyprus,Exports,48818,57791,62302,64638,70390,68329,98984,49038,77063,66532,50104,34039,55594,61713,55910,46083,54483,45808,49151,46188,51901,39983,44782,44062,38907,35983,38810,39090,41801,46588,34166,30208,36201,47855,70001,79656
Cyprus,Imports,21698,2385,2034,1662,2499,1199,1848,2307,1889,1189,28179,3387,1807,3001,4095,1474,2602,1800,1872,1546,1559,1273,1414,1342,1143,1292,1757,1611,1140,1225,2825,3772,1092,766,1217,1040
Cyprus,TradeBalance,27120,55406,60268,62976,67891,67130,97136,46731,75174,65343,21925,30652,53787,58712,51815,44609,51881,44008,47279,44642,50342,38710,43368,42720,37764,34691,37053,37479,40661,45363,31341,26436,35109,47089,68784,78616
Czech Republic,Exports,23443,25261,43738,40588,53328,36867,39967,56782,77050,64250,55495,50034,63831,99722,50109,61700,54760,80083,54494,57543,63477,82851,46052,63625,50889,37847,49558,39217,65237,77157,51982,72190,50587,33432,38779,54274
Czech Republic,Imports,69549,77729,78066,73954,76026,82010,84960,111863,72601,80205,60391,63267,78196,64292,94433,91353,64538,82631,79418,83723,75405,79133,53948,75602,71090,89800,64058,60861,46974,72329,69463,60816,71541,54120,61038,61739
Czech Republic,TradeBalance,-46106,-52468,-34328,-33366,-22698,-45143,-44993,-55081,4449,-15955,-4896,-13233,-14365,35430,-44324,-29653,-9778,-2548,-24924,-26180,-11928,3718,-7896,-11977,-20201,-51953,-14500,-21644,18263,4828,-17481,11374,-20954,-20688,-22259,-7465
Denmark,Exports,31084,29250,67327,44793,42761,48586,34269,37237,34748,34340,26675,32037,28435,24507,22478,30258,27120,179500,27831,15815,22270,24819,23271,24573,12355,14607,18695,14031,15904,13914,13574,9833,18305,15795,33476,18442
Denmark,Imports,67665,67436,63719,61842,126150,55752,50966,51216,55538,76044,40370,142017,52270,91555,54084,151317,61383,56814,146833,55964,44685,117667,73685,105473,143209,45010,43480,70494,44398,95598,41203,65305,62488,54577,124343,84860
Denmark,TradeBalance,-36581,-38186,3608,-17049,-83389,-7166,-16697,-13979,-20790,-41704,-13695,-109980,-23835,-67048,-31606,-121059,-34263,122686,-119002,-40149,-22415,-92848,-50414,-80900,-130854,-30403,-24785,-56463,-28494,-81684,-27629,-55472,-44183,-38782,-90867,-66418
Ecuador,Exports,7249,6212,6672,11642,10004,6480,8296,6320,8359,7893,4926,6781,35531,40022,7273,4676,4689,8489,4785,4955,4006,4695,6047,4126,2958,5051,23623,5932,5163,2188,4438,3799,5059,3880,4424,5009
Ecuador,Imports,4475,2745,4893,2522,1931,2226,5653,4066,3323,3042,4001,17491,6297,4453,3919,3749,2676,50099,1103,27077,2163,3410,2436,3056,3436,5098,4093,1945,4220,2131,2190,1565,1581,4232,2353,2066
Ecuador,TradeBalance,2774,3467,1779,9120,8073,4254,2643,2254,5036,4851,925,-10710,29234,35569,3354,927,2013,-41610,3682,-22122,1843,1285,3611,1070,-478,-47,19530,3987,943,57,2248,2234,3478,-352,2071,2943
Estonia,Exports,683,1005,1321,2292,2590,1676,3963,7103,7380,1681,1572,5099,2105,3129,2187,2398,4837,1192,1623,3077,2966,677,947,459,3668,2774,3532,2701,2568,429,415,1412,391,1977,824,586
Estonia,Imports,5378,6972,5489,7789,7588,8844,6260,7884,52312,5249,20506,6857,8009,74653,4677,45509,6282,6312,4159,3983,6049,7288,2736,2493,2410,3652,3287,3284,2064,1948,4345,1931,2888,4441,4914,4433
Estonia,TradeBalance,-4695,-5967,-4168,-5497,-4998,-7168,-2297,-781,-44932,-3568,-18934,-1758,-5904,-71524,-2490,-43111,-1445,-5120,-2536,-906,-3083,-6611,-1789,-2034,1258,-878,245,-583,504,-1519,-3930,-519,-2497,-2464,-4090,-3847
Fiji,Exports,71371,55584,70864,89525,49089,66873,89238,59035,74612,24209,21832,43159,58122,39716,40389,30128,31260,22251,20468,22773,24202,31451,18581,30987,26368,19664,28793,15985,25587,20346,6491,12803,9596,20460,48420,28670
Fiji,Imports,243,191,170,498,185,601,320,458,379,634,215,470,81,239,662,30,19,185,6,277,193,338,256,8,164,453,686,115,18,171,118,30,106,549,119,265
Fiji,TradeBalance,71128,55393,70694,89027,48904,66272,88918,58577,74233,23575,21617,42689,58041,39477,39727,30098,31241,22066,20462,22496,24009,31113,18325,30979,26204,19211,28107,15870,25569,20175,6373,12773,9490,19911,48301,28405
Finland,Exports,71732,19921,65311,45266,30590,50463,64664,25604,53139,52902,23829,61822,58290,36115,47635,15547,15854,16891,9637,8534,20107,8859,8735,11249,9682,7448,7096,5477,5426,5374,5215,6800,4317,19752,8878,8439
Finland,Imports,42399,49148,49749,48419,38114,91645,73548,87196,98354,58259,30725,59916,49936,36026,46534,40729,49240,37715,32498,34773,36804,42688,28963,27919,34795,35730,34951,36908,34716,44018,40693,31694,34650,45871,34683,29925
Finland,TradeBalance,29333,-29227,15562,-3153,-7524,-41182,-8884,-61592,-45215,-5357,-6896,1906,8354,89,1101,-25182,-33386,-20824,-22861,-26239,-16697,-33829,-20228,-16670,-25113,-28282,-27855,-31431,-29290,-38644,-35478,-24894,-30333,-26119,-25805,-21486
France,Exports,402218,324451,529962,358786,454328,459094,424547,466344,489309,457987,382847,446179,441787,417352,445179,391514,310002,411915,356333,346259,398291,433983,367562,816892,406905,373405,494312,1198893,748248,330195,327298,275463,329421,371118,379019,344766
France,Imports,1537347,1563127,1493161,1660563,1624646,1555500,1535920,1365379,1553618,1289677,1074703,1426667,1449230,1259199,1248425,1432720,1035905,1279419,1453443,1239006,1150424,1906800,987454,1021290,1141603,1498854,1922407,1167166,922015,1088034,895505,690063,912836,1233320,1123010,1491370
France,TradeBalance,-1135129,-1238676,-963199,-1301777,-1170318,-1096406,-1111373,-899035,-1064309,-831690,-691856,-980488,-1007443,-841847,-803246,-1041206,-725903,-867504,-1097110,-892747,-752133,-1472817,-619892,-204398,-734698,-1125449,-1428095,31727,-173767,-757839,-568207,-414600,-583415,-862202,-743991,-1146604
French Guiana,Imports,123,517,12899,296,431,359,195,122,36,2,930,14,0,183,73,0,0,27,6,496,44,83,9,65,734,0,36,3278,456,1008,38,9,10,0,0,7
French Guiana,TradeBalance,-123,-517,-12899,-296,-431,-359,-195,-122,-36,-2,-930,-14,0,-183,-73,0,0,-27,-6,-496,-44,-83,-9,-65,-734,0,-36,-3278,-456,-1008,-38,-9,-10,0,0,-7
French Polynesia,Exports,2428,17142,34617,2743,4153,22831,2477,3038,3156,4862,15961,17243,9713,2292,21796,7209,2629,20655,1505,1261,1299,2241,1535,34762,4307,8819,2070,2075,1830,2233,1332,3216,685,7951,7214,1469
French Polynesia,Imports,210,35,60,37,38,493,2730,2894,141,50,40,58,2464,13,154,265,9,59,19,162,1992,263,74,117,103,432,91,9,2580,230,7,16,6,176,42,64
French Polynesia,TradeBalance,2218,17107,34557,2706,4115,22338,-253,144,3015,4812,15921,17185,7249,2279,21642,6944,2620,20596,1486,1099,-693,1978,1461,34645,4204,8387,1979,2066,-750,2003,1325,3200,679,7775,7172,1405
French Southern Territories,Imports,46,99,115,242,8,4,1,83,7,9,32,258,3,22,7,0,0,2,40,0,118,10,105,4,2,5,377,122,354,323,37,0,20,0,0,0
French Southern Territories,TradeBalance,-46,-99,-115,-242,-8,-4,-1,-83,-7,-9,-32,-258,-3,-22,-7,0,0,-2,-40,0,-118,-10,-105,-4,-2,-5,-377,-122,-354,-323,-37,0,-20,0,0,0
"Germany, Democratic Republic Of",Exports,0,0,0,0,0,0,0,0,0,0,0,0,0,0,0,0,0,0,0,0,0,0,0,0,0,0,0,0,0,0,0,0,0,0,0,0
"Germany, Democratic Republic Of",Imports,0,0,0,0,0,0,0,0,0,0,0,0,0,0,0,0,0,0,0,0,0,0,0,0,0,0,0,0,0,0,0,0,0,0,0,0
"Germany, Democratic Republic Of",TradeBalance,0,0,0,0,0,0,0,0,0,0,0,0,0,0,0,0,0,0,0,0,0,0,0,0,0,0,0,0,0,0,0,0,0,0,0,0
"Germany, Federal Republic Of",Exports,809343,927112,1035273,912066,1291942,1279156,921251,780294,809678,894561,722681,784687,917779,777783,915452,800215,798061,754099,916201,709010,771493,874965,651058,652128,674442,629029,635751,652239,616109,636085,616840,578206,617032,610897,731916,664818
"Germany, Federal Republic Of",Imports,1129542,1107630,1122251,1170472,1135242,1207446,1108916,1095451,1282312,1259702,1074201,1038822,1329642,1094892,1103039,1290457,1147489,1185938,1142950,1432486,1102010,1124788,916711,947476,980296,978208,980882,972416,931876,1061128,978806,892172,1160767,1115034,1003380,1127285
"Germany, Federal Republic Of",TradeBalance,-320199,-180518,-86978,-258406,156700,71710,-187665,-315157,-472634,-365141,-351520,-254135,-411863,-317109,-187587,-490242,-349428,-431839,-226749,-723476,-330517,-249823,-265653,-295348,-305854,-349179,-345131,-320177,-315767,-425043,-361966,-313966,-543735,-504137,-271464,-462467
Greece,Exports,131220,126740,121392,150911,191678,166037,164807,133089,123358,100539,137793,98550,110887,162931,91021,104392,92453,93224,89729,82596,127066,93626,121376,81434,106578,86709,77179,80952,79911,83073,83698,94435,90018,122867,164151,111978
Greece,Imports,99085,37937,15850,107888,170197,207744,108596,47795,117955,10073,40633,17780,38816,9041,12105,10967,11000,10522,53544,38630,14707,65136,85500,46808,10429,10423,11378,11241,11809,11655,11839,11181,15506,12418,12065,10275
Greece,TradeBalance,32135,88803,105542,43023,21481,-41707,56211,85294,5403,90466,97160,80770,72071,153890,78916,93425,81453,82702,36185,43966,112359,28490,35876,34626,96149,76286,65801,69711,68102,71418,71859,83254,74512,110449,152086,101703
Grenada,Imports,6,19,1,3,8,0,13,1,2,41,18,2,2,15,2,7,8,1,1,14,0,0,4,41,0,0,1,0,0,0,14,0,17,4,0,5
Grenada,TradeBalance,-6,-19,-1,-3,-8,0,-13,-1,-2,-41,-18,-2,-2,-15,-2,-7,-8,-1,-1,-14,0,0,-4,-41,0,0,-1,0,0,0,-14,0,-17,-4,0,-5
Guam,Exports,41150,49396,76617,50413,73882,31277,110238,54722,33498,5537,64137,23026,60182,88152,14322,75316,45025,33271,74196,57813,55582,41069,27992,2224,36388,38985,24413,4421,28334,21760,11922,7673,21476,35762,8669,71057
Guam,Imports,35,104,65,176,86,12160,45,9,44,104,52,69,7,35,40,5,14,27,42,65,20,32,23,29,65,28,20,16,19,17,9,28,5,23,23,33
Guam,TradeBalance,41115,49292,76552,50237,73796,19117,110193,54713,33454,5433,64085,22957,60175,88117,14282,75311,45011,33244,74154,57748,55562,41037,27969,2195,36323,38957,24393,4405,28315,21743,11913,7645,21471,35739,8646,71024
Guatemala,Imports,570,997,262,926,2170,3463,1168,2804,1381,1931,1895,1603,691,1026,1756,896,1068,2075,2754,5253,3219,7569,5319,3474,2526,1812,1603,1393,1694,3802,1020,1487,447,8961,8087,1663
Guatemala,TradeBalance,-570,-997,-262,-926,-2170,-3463,-1168,-2804,-1381,-1931,-1895,-1603,-691,-1026,-1756,-896,-1068,-2075,-2754,-5253,-3219,-7569,-5319,-3474,-2526,-1812,-1603,-1393,-1694,-3802,-1020,-1487,-447,-8961,-8087,-1663
Honduras,Imports,1457,838,706,432,793,780,228,238,443,320,253,274,730,366,566,763,367,561,668,296,214,359,172,180,187,149,153,537,358,69,194,277,252,260,179,249
Honduras,TradeBalance,-1457,-838,-706,-432,-793,-780,-228,-238,-443,-320,-253,-274,-730,-366,-566,-763,-367,-561,-668,-296,-214,-359,-172,-180,-187,-149,-153,-537,-358,-69,-194,-277,-252,-260,-179,-249
Hong Kong,Exports,7403998,5302426,5137172,7405741,6466344,6138562,7717915,7486002,6769192,6807217,6514766,6509744,7653966,7276474,6395502,7014963,7169776,6494656,6598202,7161940,6289297,7470910,5518278,5693673,5941191,5671808,5784153,5594771,5104848,5031862,4886363,4674102,5387093,5823657,5116584,4726790
Hong Kong,Imports,240017,169227,207166,354257,319470,624415,333510,431788,360880,383912,210038,514054,419713,306125,370135,362116,378221,317966,439690,360761,300514,314144,350808,441015,762767,450648,551319,479125,460348,528709,536137,170672,302865,364163,226736,391417
Hong Kong,TradeBalance,7163981,5133199,4930006,7051484,6146874,5514147,7384405,7054214,6408312,6423305,6304728,5995690,7234253,6970349,6025367,6652847,6791555,6176690,6158512,6801179,5988783,7156766,5167470,5252658,5178424,5221160,5232834,5115646,4644500,4503153,4350226,4503430,5084228,5459494,4889848,4335373
Hungary,Exports,47775,63588,39889,60851,80433,58378,74596,56842,98504,65669,70320,54758,67045,81237,65987,62829,62454,45653,55914,46243,75450,51260,35339,50085,32130,42384,42263,54904,46879,26706,39403,44859,42366,35870,43449,48888
Hungary,Imports,44406,46849,42761,38367,39917,48975,44843,36746,37592,38279,27612,37471,36759,33511,42209,37453,45149,46002,50593,52466,42392,42244,26286,34167,52883,43674,42690,36664,29737,34092,29820,21876,30516,35228,25341,24246
Hungary,TradeBalance,3369,16739,-2872,22484,40516,9403,29753,20096,60912,27390,42708,17287,30286,47726,23778,25376,17305,-349,5321,-6223,33058,9016,9053,15918,-20753,-1290,-427,18240,17142,-7386,9583,22983,11850,642,18108,24642
India,Exports,1703023,1467219,1395949,1817817,1593916,1637019,1595699,1441178,1671860,1733946,1470299,1633973,1617485,1616145,1541294,1610231,1376658,1274749,1116307,1054895,1497639,1658554,1296692,1285348,1482607,1230868,1153001,1242513,1094267,845562,800876,573786,463499,1056660,1363734,1343660
India,Imports,834657,837673,826855,1023746,908131,1022364,1251445,885584,1159602,1023825,1038814,851347,1065580,981053,830719,598029,825451,900935,945470,716823,880794,859448,786256,493874,636451,589695,603036,521757,524324,737581,695070,436296,276158,703494,601098,818894
India,TradeBalance,868366,629546,569094,794071,685785,614655,344254,555594,512258,710121,431485,782626,551905,635092,710575,1012202,551207,373814,170837,338072,616845,799106,510436,791474,846156,641173,549965,720756,569943,107981,105806,137490,187341,353166,762636,524766
Indonesia,Exports,3740306,4082822,4075989,4373980,4684693,5333607,4555767,4809421,4344070,4196284,3439005,3691849,3979774,3928370,3160397,2962949,3084471,2919438,3581383,2808492,3191052,3542640,2977358,2524216,2756166,2405160,2264388,2471805,2320501,2438838,2196981,1703250,2192562,3014122,2707467,3097834
Indonesia,Imports,2074781,1971918,1987191,1924895,2301232,2032018,2244033,2242187,2401307,2245632,1752288,1854041,1952388,1988497,1763060,1706208,1719227,1601948,1797188,1444970,1809239,1750120,1456104,1433768,1455271,1369285,1456209,1526861,1530155,1602915,1337827,1226045,1735603,2093275,2180859,1736989
Indonesia,TradeBalance,1665525,2110904,2088798,2449085,2383461,3301589,2311734,2567234,1942763,1950652,1686717,1837808,2027386,1939873,1397337,1256741,1365244,1317490,1784195,1363522,1381813,1792520,1521254,1090448,1300895,1035875,808179,944944,790346,835923,859154,477205,456959,920847,526608,1360845
Iran,Exports,510,1091,2586,548,810,374,1091,2358,2115,462,1239,1140,2457,1424,1433,1891,1608,1778,2328,1728,581,510,1679,301,1190,1709,2557,4118,2460,4513,4725,5804,915,3127,546,2391
Iran,Imports,317,267,692,258,255,44,258,328,191,790,316,754,1454,1131,320,886,297,575,863,389,345,426,533,727,960,238,473,225,276,513,655,293,1324,832,714,335
Iran,TradeBalance,193,824,1894,290,555,330,833,2030,1924,-328,923,386,1003,293,1113,1005,1311,1203,1465,1339,236,84,1146,-426,230,1471,2084,3893,2184,4000,4070,5511,-409,2295,-168,2056
Ireland,Exports,177243,33157,117698,61522,68379,109400,134281,179510,77319,47636,19881,32085,22400,55726,34508,32235,26744,25801,268595,108373,35605,31978,107426,11134,39043,12943,156489,23969,28713,26511,52091,48372,81404,65351,167639,52272
Ireland,Imports,106678,118525,157648,118936,193225,107148,154789,114569,86763,127647,110898,82200,96356,95135,110319,272126,280524,287457,323034,232561,297031,393479,170727,73413,250720,252154,187158,112631,94134,104004,111688,93891,116897,100595,106456,87483
Ireland,TradeBalance,70565,-85368,-39950,-57414,-124846,2252,-20508,64941,-9444,-80011,-91017,-50115,-73956,-39409,-75811,-239891,-253780,-261656,-54439,-124188,-261426,-361501,-63301,-62279,-211677,-239211,-30669,-88662,-65421,-77493,-59597,-45519,-35493,-35244,61183,-35211
Israel,Exports,105746,122699,78544,111282,138756,153543,116551,130846,123517,106120,82905,97565,130817,113756,84731,86316,115120,77433,120143,65197,79422,109961,186911,145386,79428,60733,82054,70195,69972,93102,67597,70264,58873,76531,108427,64986
Israel,Imports,98717,85965,93452,143055,126174,99014,106901,94229,101182,147553,151344,99841,78553,133323,78247,61451,118969,91964,114138,66475,100274,65341,50469,57611,57097,66810,55783,78726,62961,67784,70446,60180,48218,79818,100408,63270
Israel,TradeBalance,7029,36734,-14908,-31773,12582,54529,9650,36617,22335,-41433,-68439,-2276,52264,-19567,6484,24865,-3849,-14531,6005,-1278,-20852,44620,136442,87775,22331,-6077,26271,-8531,7011,25318,-2849,10084,10655,-3287,8019,1716
Italy,Exports,128641,167460,155578,125791,126344,120489,124441,90730,122721,115529,99591,114199,117893,94072,105439,92937,76819,110520,110337,101415,111104,89175,103583,70294,69085,58627,95575,95369,60203,90617,87036,56620,85844,66789,149231,96267
Italy,Imports,702472,725004,594994,547587,592000,570591,606990,555654,534144,549561,452391,567318,638714,691514,554736,420816,483107,516562,616494,571999,611275,520491,485485,527951,613730,476816,487904,409767,461599,382371,442728,295412,347814,511874,493798,512050
Italy,TradeBalance,-573831,-557544,-439416,-421796,-465656,-450102,-482549,-464924,-411423,-434032,-352800,-453119,-520821,-597442,-449297,-327879,-406288,-406042,-506157,-470584,-500171,-431316,-381902,-457657,-544645,-418189,-392329,-314398,-401396,-291754,-355692,-238792,-261970,-445085,-344567,-415783
Jamaica,Imports,93,117,61,493,137,24,96,47,125,44,104,44,104,184,83,55,34,131,51,53,200,39,39,155,116,13,49,64,34,20,110,74,31,16,23,94
Jamaica,TradeBalance,-93,-117,-61,-493,-137,-24,-96,-47,-125,-44,-104,-44,-104,-184,-83,-55,-34,-131,-51,-53,-200,-39,-39,-155,-116,-13,-49,-64,-34,-20,-110,-74,-31,-16,-23,-94
Japan,Exports,2271626,2504491,2406706,2481370,2311824,2327064,2472924,2329546,2464468,2673309,2195357,2225689,2461955,2207061,2144334,2144273,2156629,2207935,1919748,1855420,1965326,2045433,1752673,1777803,1974988,1968606,2045891,1946583,1744085,2098399,2220049,1949916,2314386,2246814,1980315,2155267
Japan,Imports,2618288,2837697,3038903,3109529,3100676,3440363,3194697,3842940,3273519,3429885,2496003,2448743,2802540,2508153,2573996,2579476,2193348,2562776,2332476,2128722,2607053,2568597,2204003,2210238,2198919,1996097,2323790,1968908,1662592,1955997,1754589,1785072,2168406,2606394,2427079,2138871
Japan,TradeBalance,-346662,-333206,-632197,-628159,-788852,-1113299,-721773,-1513394,-809051,-756576,-300646,-223054,-340585,-301092,-429662,-435203,-36719,-354841,-412728,-273302,-641727,-523164,-451330,-432435,-223931,-27491,-277899,-22325,81493,142402,465460,164844,145980,-359580,-446764,16396
Jordan,Exports,15012,8410,7316,7608,9380,12002,10111,5789,9218,10855,6404,9224,15098,6128,7591,5291,4202,9055,7550,3120,8821,5623,7352,4642,7080,7975,4568,37262,5001,5314,4129,3496,4592,5108,4285,3607
Jordan,Imports,8265,7262,3020,8904,3782,5333,8573,8687,4772,4639,2531,6037,7155,2381,5937,7547,7314,8377,3585,27108,3936,9865,6639,4037,4383,4367,2624,3093,4904,8999,1829,1171,1144,3326,3582,2477
Jordan,TradeBalance,6747,1148,4296,-1296,5598,6669,1538,-2898,4446,6216,3873,3187,7943,3747,1654,-2256,-3112,678,3965,-23988,4885,-4242,713,605,2697,3608,1944,34169,97,-3685,2300,2325,3448,1782,703,1130
Kiribati,Imports,0,3,0,0,0,0,0,15,1,1,0,0,1,0,0,0,0,0,0,0,0,0,0,1,0,1,1,0,1,0,0,0,0,0,0,0
Kiribati,TradeBalance,0,-3,0,0,0,0,0,-15,-1,-1,0,0,-1,0,0,0,0,0,0,0,0,0,0,-1,0,-1,-1,0,-1,0,0,0,0,0,0,0
Kuwait,Exports,46086,44896,40943,42895,34121,20377,19183,15363,13101,21471,13719,37106,32896,38914,13755,21588,16190,9466,15099,12215,42301,20144,14284,40434,11378,13515,25257,12156,14994,15602,14177,11364,11703,18219,12828,24722
Kuwait,Imports,639,54562,52798,16848,56351,117344,2626,158838,21012,105396,3188,18171,30819,58308,146002,2001,22511,3250,2742,29661,126815,39467,87132,203881,84802,136458,164900,89707,232601,402610,29340,159144,75654,118280,180975,402328
Kuwait,TradeBalance,45447,-9666,-11855,26047,-22230,-96967,16557,-143475,-7911,-83925,10531,18935,2077,-19394,-132247,19587,-6321,6216,12357,-17446,-84514,-19323,-72848,-163447,-73424,-122943,-139643,-77551,-217607,-387008,-15163,-147780,-63951,-100061,-168147,-377606
Laos People's Democratic Republic,Exports,4643,2950,7222,27116,3719,6565,2897,3820,47951,10026,2489,12861,36482,8414,4406,3217,3716,3072,8148,2739,2824,5464,3497,2815,2842,3357,2423,2401,2322,3055,1511,2353,1738,3702,4108,7018
Laos People's Democratic Republic,Imports,7281,4963,16907,20214,36150,1707,19064,17428,13936,22579,4162,16693,10234,5968,361,2909,3027,504,391,1718,352,2849,3970,1657,830,384,1776,25133,48458,35564,13475,311,409,1134,1263,525
Laos People's Democratic Republic,TradeBalance,-2638,-2013,-9685,6902,-32431,4858,-16167,-13608,34015,-12553,-1673,-3832,26248,2446,4045,308,689,2568,7757,1021,2472,2615,-473,1158,2012,2973,647,-22732,-46136,-32509,-11964,2042,1329,2568,2845,6493
Latvia,Exports,7434,2792,7758,9914,4005,9284,18929,5070,8474,6756,2661,7263,6794,4537,2467,1702,3782,5303,7128,4900,4245,6313,5383,4551,9177,6165,5646,2878,5597,3424,5572,4028,2264,3007,4117,3976
Latvia,Imports,4288,6436,2299,2679,3549,3910,3546,4452,4620,3726,2888,3324,4295,2570,2699,2318,4260,3624,4128,3763,1546,2241,1466,1346,1887,2216,1389,1971,1024,1671,2004,1185,1425,1861,885,1331
Latvia,TradeBalance,3146,-3644,5459,7235,456,5374,15383,618,3854,3030,-227,3939,2499,1967,-232,-616,-478,1679,3000,1137,2699,4072,3917,3205,7290,3949,4257,907,4573,1753,3568,2843,839,1146,3232,2645
Lebanon,Exports,1729,2798,1148,1082,1380,1505,2059,1597,1722,1856,987,2256,1301,1632,1318,1570,1655,1489,1817,1542,2591,1659,2917,2346,2163,2112,1274,3173,1963,2093,1305,3210,3193,2544,4736,1618
Lebanon,Imports,332,578,449,303,337,475,92,79,50,188,121,121,515,173,204,56,200,92,143,98,52,100,244,13,104,288,75,124,26,3032,145,214,91,191,192,176
Lebanon,TradeBalance,1397,2220,699,779,1043,1030,1967,1518,1672,1668,866,2135,786,1459,1114,1514,1455,1397,1674,1444,2539,1559,2673,2333,2059,1824,1199,3049,1937,-939,1160,2996,3102,2353,4544,1442
Liechtenstein,Imports,2250,3686,2650,3558,3380,3229,3055,3438,4006,2640,2804,2951,3311,2985,3597,2724,3655,2597,3631,3716,2789,3744,2612,2859,3105,2345,2227,2788,2421,2505,1402,2349,3329,2430,2869,2822
Liechtenstein,TradeBalance,-2250,-3686,-2650,-3558,-3380,-3229,-3055,-3438,-4006,-2640,-2804,-2951,-3311,-2985,-3597,-2724,-3655,-2597,-3631,-3716,-2789,-3744,-2612,-2859,-3105,-2345,-2227,-2788,-2421,-2505,-1402,-2349,-3329,-2430,-2869,-2822
Lithuania,Exports,1248,3033,4156,2474,3363,2261,1482,3397,2665,2763,3576,1415,1308,2107,1266,1753,74911,2391,1647,1440,2800,2397,1919,147603,75397,2198,1326,75320,2420,901,1552,1764,1142,875,1383,1934
Lithuania,Imports,13594,8716,5892,8406,6345,3338,135585,12346,53185,53700,8831,52056,7758,8029,38070,13052,61180,11845,12598,11125,10231,57734,10644,14204,7809,12180,8739,10548,10732,7116,10000,10014,9946,8567,7184,22159
Lithuania,TradeBalance,-12346,-5683,-1736,-5932,-2982,-1077,-134103,-8949,-50520,-50937,-5255,-50641,-6450,-5922,-36804,-11299,13731,-9454,-10951,-9685,-7431,-55337,-8725,133399,67588,-9982,-7413,64772,-8312,-6215,-8448,-8250,-8804,-7692,-5801,-20225
Luxembourg,Exports,25910,4663,6334,7283,9801,27007,59945,63757,54066,70418,21589,10674,9588,11952,4759,10606,20734,8895,6347,17791,23390,11507,9241,29625,20974,22768,10448,6001,10637,47737,12259,13490,11112,4213,29228,33896
Luxembourg,Imports,8156,5714,15746,55482,31284,9766,32019,4651,2296,3539,7456,32098,3859,3579,5167,7454,2048,3486,3702,2260,4257,3079,5380,2567,11891,3758,14577,3471,3479,29389,23619,3436,44095,5787,2715,9204
Luxembourg,TradeBalance,17754,-1051,-9412,-48199,-21483,17241,27926,59106,51770,66879,14133,-21424,5729,8373,-408,3152,18686,5409,2645,15531,19133,8428,3861,27058,9083,19010,-4129,2530,7158,18348,-11360,10054,-32983,-1574,26513,24692
Macau,Exports,29319,42902,21959,18310,26644,16838,19416,30190,24195,27876,36011,20555,41104,33318,17312,29593,41994,23981,19661,22856,13294,23576,14679,14456,32529,35036,18680,23349,14557,11030,10509,6912,8588,10042,7233,19517
Macau,Imports,1376,17054,2341,436,3219,982,4107,2484,3293,3104,3225,1829,3251,922,1348,1853,1381,2016,1074,728,229,547,700,2864,1974,910,372,917,417,471,449,592,1222,486,2437,1000
Macau,TradeBalance,27943,25848,19618,17874,23425,15856,15309,27706,20902,24772,32786,18726,37853,32396,15964,27740,40613,21965,18587,22128,13065,23029,13979,11592,30555,34126,18308,22432,14140,10559,10060,6320,7366,9556,4796,18517
Mainland China,Exports,6374198,6773005,7810503,7133642,7548001,7792074,7516364,6757831,7481265,8912350,6929035,7163479,9215862,8281345,8461516,8785105,8134968,7991895,7300460,6720024,7838848,7270148,5255659,5682689,7090834,6852887,6992713,6561515,7970167,5395714,5603145,5080433,5038157,5255263,3910570,5091217
Mainland China,Imports,7642587,8285837,7377473,7390866,8196629,8510236,7976196,7478079,6153885,6635528,4799291,6387242,7876015,6670871,6026092,6016585,5467821,5526552,6198485,5799262,6329544,6291717,4989727,6121009,6202327,6280686,5142563,5479579,5574117,5539168,5288235,4843684,5583246,5979894,3978903,5469816
Mainland China,TradeBalance,-1268389,-1512832,433030,-257224,-648628,-718162,-459832,-720248,1327380,2276822,2129744,776237,1339847,1610474,2435424,2768520,2667147,2465343,1101975,920762,1509304,978431,265932,-438320,888507,572201,1850150,1081936,2396050,-143454,314910,236749,-545089,-724631,-68333,-378599
Malaysia,Exports,5154779,5557119,6233818,5884698,6150507,6672175,7049568,6755655,5784848,6247336,4802094,4826818,5235038,5553622,5198396,4852096,4623527,4044927,3811035,4271295,4941837,5549343,3904908,4566888,4098730,3920478,3810320,4057093,3782960,4080198,3672727,2929890,2898079,3683598,4084098,4882427
Malaysia,Imports,6017970,6773423,6417377,7672003,7225607,7243882,7528135,6664440,6958619,7882249,5333950,6180062,6725700,6572612,6447589,5974561,5733440,5830757,5526747,5932710,6272592,6158053,5402465,5553323,5226122,4918769,5249328,5092968,5070011,5094878,5247898,4002175,3387367,4295365,4985932,4979254
Malaysia,TradeBalance,-863191,-1216304,-183559,-1787305,-1075100,-571707,-478567,91215,-1173771,-1634913,-531856,-1353244,-1490662,-1018990,-1249193,-1122465,-1109913,-1785830,-1715712,-1661415,-1330755,-608710,-1497557,-986435,-1127392,-998291,-1439008,-1035875,-1287051,-1014680,-1575171,-1072285,-489288,-611767,-901834,-96827
"Maldives, Republic Of",Exports,27931,34754,21845,30156,32331,18970,28239,15855,22845,24635,21129,28876,32943,20744,20992,20185,22772,19342,22062,19203,16575,32655,15425,19611,16375,16589,16530,14887,12826,16892,13345,9139,12440,22755,30099,43551
"Maldives, Republic Of",Imports,103,145,14,43,37,21,4,134,41,9,96,145,113,121,35,32,72,11,26,108,193,193,69,57,227,24,32,170,20,5,1,0,0,28,109,89
"Maldives, Republic Of",TradeBalance,27828,34609,21831,30113,32294,18949,28235,15721,22804,24626,21033,28731,32830,20623,20957,20153,22700,19331,22036,19095,16382,32462,15356,19554,16148,16565,16498,14717,12806,16887,13344,9139,12440,22727,29990,43462
Malta,Exports,243227,245180,220098,248160,229646,243500,268961,236254,243822,164505,169550,160475,187108,193483,165816,143882,183928,150912,131092,161486,159192,172823,127302,108413,139545,128198,124824,137128,136607,115500,85631,219435,139734,157276,292086,209000
Malta,Imports,41040,23080,51734,23836,40703,54619,21429,25475,26320,23192,81616,18169,76979,65852,156403,145303,20379,54541,69906,14958,44893,19176,14389,51714,32239,14927,19082,16183,16899,19717,26047,15044,23609,20391,14917,42930
Malta,TradeBalance,202187,222100,168364,224324,188943,188881,247532,210779,217502,141313,87934,142306,110129,127631,9413,-1421,163549,96371,61186,146528,114299,153647,112913,56699,107306,113271,105742,120945,119708,95783,59584,204391,116125,136885,277169,166070
Mexico,Exports,224874,277119,282600,231403,258392,374213,277688,233505,221708,225644,200534,212582,249178,191192,208634,218560,233421,209944,160101,144758,159720,165516,110962,131358,142122,119971,162314,146966,147966,165632,125643,108984,164619,209119,142174,133156
Mexico,Imports,277739,242881,272680,263872,247995,402686,301939,274105,245392,237988,183348,201662,435468,271087,266843,228508,218577,263102,290019,301806,301539,281681,206715,276223,217586,356379,327607,300973,249672,262102,221919,213546,225541,266785,240158,276701
Mexico,TradeBalance,-52865,34238,9920,-32469,10397,-28473,-24251,-40600,-23684,-12344,17186,10920,-186290,-79895,-58209,-9948,14844,-53158,-129918,-157048,-141819,-116165,-95753,-144865,-75464,-236408,-165293,-154007,-101706,-96470,-96276,-104562,-60922,-57666,-97984,-143545
Micronesia,Imports,29,8,5,10,10,8,22,20,9,3,19,3,12,3,8,0,2,1,9,31,1,1,54,32,0,0,2,35,0,0,0,2,0,1,2,0
Micronesia,TradeBalance,-29,-8,-5,-10,-10,-8,-22,-20,-9,-3,-19,-3,-12,-3,-8,0,-2,-1,-9,-31,-1,-1,-54,-32,0,0,-2,-35,0,0,0,-2,0,-1,-2,0
Myanmar,Exports,449544,392738,461908,509268,455447,737588,472359,493861,276456,670528,519274,325864,452365,304342,257507,218120,188701,346813,363217,241352,264431,312926,219550,343638,327498,246851,224144,268968,273130,283466,356460,278782,247214,449515,331483,430961
Myanmar,Imports,7486,6044,5856,6949,8313,7363,6221,7012,6443,7434,5771,6836,11148,12998,6539,10386,8775,7479,11265,9188,11875,9048,5399,9126,10474,10764,8009,7789,6457,25111,8355,7736,9852,32206,14314,16270
Myanmar,TradeBalance,442058,386694,456052,502319,447134,730225,466138,486849,270013,663094,513503,319028,441217,291344,250968,207734,179926,339334,351952,232164,252556,303878,214151,334512,317024,236087,216135,261179,266673,258355,348105,271046,237362,417309,317169,414691
Nauru,Imports,14,0,0,8,0,0,18,262,0,543,20,10,5,0,1,2,0,0,25,50,0,48,15,14,48,7,11,0,0,71,0,0,0,33,94,4
Nauru,TradeBalance,-14,0,0,-8,0,0,-18,-262,0,-543,-20,-10,-5,0,-1,-2,0,0,-25,-50,0,-48,-15,-14,-48,-7,-11,0,0,-71,0,0,0,-33,-94,-4
Nepal,Exports,18692,12037,13355,15734,16029,18883,17375,18189,15405,20211,17047,27163,22264,23842,15821,18916,30275,17649,11612,10621,25788,20350,16796,19654,18460,14704,12596,12353,12337,19247,7341,3273,1619,13956,26784,24515
Nepal,Imports,221,612,688,602,559,632,385,279,1026,150,28582,868,177,158,117,179,256,131,55,72,108,249,76,75,1298,106,113,993,916,1245,39,5,70,347,271,1957
Nepal,TradeBalance,18471,11425,12667,15132,15470,18251,16990,17910,14379,20061,-11535,26295,22087,23684,15704,18737,30019,17518,11557,10549,25680,20101,16720,19579,17162,14598,12483,11360,11421,18002,7302,3268,1549,13609,26513,22558
Netherlands,Exports,1243341,1190952,1189965,1181847,1512800,1477881,1249897,1290748,1404974,1247649,1204414,1133245,1090263,1192539,1162452,1129749,1126958,1008226,1033589,1248771,1074545,1220016,861007,920221,1090919,932838,1118627,1029741,1231532,1164695,1486744,1364868,1226948,1250263,1139493,1082003
Netherlands,Imports,384010,301384,263199,314814,339001,359653,265196,279506,574480,423978,213278,261220,301866,323512,246274,277208,432933,399429,447162,288247,470044,393519,250998,356221,257892,296798,303736,373881,286459,252322,273072,255200,269347,296540,231398,283975
Netherlands,TradeBalance,859331,889568,926766,867033,1173799,1118228,984701,1011242,830494,823671,991136,872025,788397,869027,916178,852541,694025,608797,586427,960524,604501,826497,610009,564000,833027,636040,814891,655860,945073,912373,1213672,1109668,957601,953723,908095,798028
Netherlands Antilles,Imports,0,0,0,0,0,0,0,0,3,5,5,0,1,0,2,0,0,0,4,0,0,0,2,6,89,18,77,80,166,2,49,26,18,30,43018,32
Netherlands Antilles,TradeBalance,0,0,0,0,0,0,0,0,-3,-5,-5,0,-1,0,-2,0,0,0,-4,0,0,0,-2,-6,-89,-18,-77,-80,-166,-2,-49,-26,-18,-30,-43018,-32
New Caledonia,Exports,32546,15556,38811,29359,39826,53846,45761,99705,38537,40725,25375,47347,21028,26316,60672,44418,42555,17926,7741,27720,27699,14599,24788,21302,47804,10242,14542,23293,27640,32070,14685,20441,7094,29736,35384,29838
New Caledonia,Imports,18,256,14,262,186,25,10,102,5,92,59,22,28,68,127,31,87,4292,385,139,80,84,25,79,42,156,6,24,3,171,187,4,0,5,63,30
New Caledonia,TradeBalance,32528,15300,38797,29097,39640,53821,45751,99603,38532,40633,25316,47325,21000,26248,60545,44387,42468,13634,7356,27581,27619,14515,24763,21223,47762,10086,14536,23269,27637,31899,14498,20437,7094,29731,35321,29808
New Zealand,Exports,397788,573747,499540,528450,471479,626090,411583,640105,772144,317564,275263,285224,259772,201719,286154,219976,256178,340694,236031,197788,194223,333483,261895,206579,190958,254986,145480,190150,243800,244066,218918,127291,134685,282059,229238,273376
New Zealand,Imports,122266,72677,72719,79919,133089,97855,102003,155635,92299,84730,55143,115683,87492,85048,84332,56207,90645,67151,78315,88947,60885,71214,47573,62306,92235,123931,44728,91438,62094,98929,73899,91166,70052,100199,71785,121022
New Zealand,TradeBalance,275522,501070,426821,448531,338390,528235,309580,484470,679845,232834,220120,169541,172280,116671,201822,163769,165533,273543,157716,108841,133338,262269,214322,144273,98723,131055,100752,98712,181706,145137,145019,36125,64633,181860,157453,152354
Niue,Imports,80,0,1,3,0,0,0,0,0,2,2,0,1,2,1,57,0,0,0,0,3,0,0,0,0,2,0,0,1,0,0,0,0,0,0,0
Niue,TradeBalance,-80,0,-1,-3,0,0,0,0,0,-2,-2,0,-1,-2,-1,-57,0,0,0,0,-3,0,0,0,0,-2,0,0,-1,0,0,0,0,0,0,0
Norfolk Island,Imports,1,0,0,0,101,0,9,70,57,0,11,23,0,0,0,0,1,0,3,0,21,0,16,0,0,0,0,0,18,12,89,0,0,0,87,89
Norfolk Island,TradeBalance,-1,0,0,0,-101,0,-9,-70,-57,0,-11,-23,0,0,0,0,-1,0,-3,0,-21,0,-16,0,0,0,0,0,-18,-12,-89,0,0,0,-87,-89
Norway,Imports,50581,43134,40090,41524,36231,49789,53425,44564,55664,90633,46708,54280,50080,48303,44647,40203,51509,48442,62320,43877,100416,67520,48391,44281,109334,54431,51510,44600,82320,55228,94930,66717,50807,69037,71122,58705
Norway,TradeBalance,-50581,-43134,-40090,-41524,-36231,-49789,-53425,-44564,-55664,-90633,-46708,-54280,-50080,-48303,-44647,-40203,-51509,-48442,-62320,-43877,-100416,-67520,-48391,-44281,-109334,-54431,-51510,-44600,-82320,-55228,-94930,-66717,-50807,-69037,-71122,-58705
Oman,Exports,18234,16674,45914,19112,68168,78456,19072,15375,80599,73446,59577,117675,20113,14912,71116,50629,11570,11256,31387,14778,14049,25174,17307,35671,15487,12243,20751,18949,16117,33286,29861,17031,15543,24086,46235,13934
Oman,Imports,72624,60005,108470,42137,73156,71377,129614,32226,63758,28076,26302,44336,32205,68246,18000,70602,111537,27263,134736,45781,52260,95125,3362,39721,114288,17440,13784,42576,13687,79909,2561,2214,5321,26038,13579,57540
Oman,TradeBalance,-54390,-43331,-62556,-23025,-4988,7079,-110542,-16851,16841,45370,33275,73339,-12092,-53334,53116,-19973,-99967,-16007,-103349,-31003,-38211,-69951,13945,-4050,-98801,-5197,6967,-23627,2430,-46623,27300,14817,10222,-1952,32656,-43606
Other Countries In America,Imports,37931,43918,44771,35101,40996,40731,62285,63491,35968,29530,25285,24530,28323,25305,24972,25131,24548,26480,28692,26278,24297,25103,30652,19976,33069,35781,25052,23355,22820,84917,15341,19064,26879,39133,29091,29935
Other Countries In America,TradeBalance,-37931,-43918,-44771,-35101,-40996,-40731,-62285,-63491,-35968,-29530,-25285,-24530,-28323,-25305,-24972,-25131,-24548,-26480,-28692,-26278,-24297,-25103,-30652,-19976,-33069,-35781,-25052,-23355,-22820,-84917,-15341,-19064,-26879,-39133,-29091,-29935
Other Countries In Oceania,Exports,691400,650476,658085,708359,823524,728717,707093,681505,742237,508917,578405,531186,499593,491014,425155,426439,430472,426835,415067,399373,424102,368318,431246,377216,345987,319859,315235,334003,336797,292682,258498,214693,347044,441282,605285,590793
Other Countries In Oceania,Imports,1577,3090,269,664,441,2880,1032,422,254,1570,1231,555,242,654,841,1233,11673,165,1024,374,707,583,6180,299,3960,6415,4694,13863,5759,2701,1257,714,2366,346,848,2103
Other Countries In Oceania,TradeBalance,689823,647386,657816,707695,823083,725837,706061,681083,741983,507347,577174,530631,499351,490360,424314,425206,418799,426670,414043,398999,423395,367735,425066,376917,342027,313444,310541,320140,331038,289981,257241,213979,344678,440936,604437,588690
Pakistan,Exports,183923,111265,66674,226902,132621,313964,154897,96075,124061,136729,104044,109592,113172,134061,347067,144473,188100,134201,112620,132392,142533,94380,80077,114767,85678,97269,81263,66813,133325,73067,72764,58553,47275,73769,171549,175338
Pakistan,Imports,7334,10169,6327,5272,9692,4988,6725,6176,9552,8074,16731,6204,8281,11999,6406,10234,6735,8455,7214,6279,5213,8097,10003,6549,8647,4441,30589,5323,15132,5407,3077,3489,4851,7095,7837,7491
Pakistan,TradeBalance,176589,101096,60347,221630,122929,308976,148172,89899,114509,128655,87313,103388,104891,122062,340661,134239,181365,125746,105406,126113,137320,86283,70074,108218,77031,92828,50674,61490,118193,67660,69687,55064,42424,66674,163712,167847
Palau,Imports,1,0,0,0,6,0,0,0,0,137,0,0,65,0,0,0,0,0,0,0,1,0,0,0,0,0,0,1,1,0,0,0,0,0,1,0
Palau,TradeBalance,-1,0,0,0,-6,0,0,0,0,-137,0,0,-65,0,0,0,0,0,0,0,-1,0,0,0,0,0,0,-1,-1,0,0,0,0,0,-1,0
Panama,Imports,127,116,175,328,424,131,403,337,327,193,29,102,2090,354,335,265,138,787,275,110,149,273,221,307,193,2139,560,83,137,67,162,1300,1549,241,366,691
Panama,TradeBalance,-127,-116,-175,-328,-424,-131,-403,-337,-327,-193,-29,-102,-2090,-354,-335,-265,-138,-787,-275,-110,-149,-273,-221,-307,-193,-2139,-560,-83,-137,-67,-162,-1300,-1549,-241,-366,-691
Papua New Guinea,Exports,84412,80267,102466,114715,75179,117535,86614,178814,90152,90348,96879,80775,71805,73323,68151,65586,66963,34614,70882,38503,60025,67297,37434,75515,63337,40719,62190,53035,45468,54761,46108,35924,65185,69351,78522,105812
Papua New Guinea,Imports,23124,12724,10221,14332,104656,21087,15351,27361,10765,16279,13742,10972,14981,82962,74860,13015,71162,72611,68957,71370,37545,42577,3669,7692,11259,2904,4994,19019,58693,10878,51298,21622,86087,1323,121520,1883
Papua New Guinea,TradeBalance,61288,67543,92245,100383,-29477,96448,71263,151453,79387,74069,83137,69803,56824,-9639,-6709,52571,-4199,-37997,1925,-32867,22480,24720,33765,67823,52078,37815,57196,34016,-13225,43883,-5190,14302,-20902,68028,-42998,103929
Paraguay,Exports,563,626,987,1297,283,222,1521,523,494,419,382,1677,713,1007,726,148,443,664,429,371,1663,385,457,484,2166,600,445,1032,985,411,233,955,308,194,809,306
Paraguay,Imports,681,281,487,235,513,423,832,945,422,557,404,172,341,185,464,550,663,327,396,232,402,291,34,359,127,66,134,215,102,126,169,47,4,190,132,96
Paraguay,TradeBalance,-118,345,500,1062,-230,-201,689,-422,72,-138,-22,1505,372,822,262,-402,-220,337,33,139,1261,94,423,125,2039,534,311,817,883,285,64,908,304,4,677,210
Peru,Exports,11791,8651,7898,10393,9050,9116,11348,9728,9506,7640,11823,8443,11564,12624,7368,8286,11184,8858,7252,6540,4768,8272,5422,6264,6953,9320,16089,4889,5884,5655,7489,7726,5264,6874,7514,6536
Peru,Imports,3464,2155,11670,14741,1888,3042,12092,7394,1267,1044,846,1656,3061,1570,1279,898,946,5178,2167,1527,1088,1386,1472,1340,3387,5008,9386,12164,3067,2521,1455,981,2908,1935,2485,3375
Peru,TradeBalance,8327,6496,-3772,-4348,7162,6074,-744,2334,8239,6596,10977,6787,8503,11054,6089,7388,10238,3680,5085,5013,3680,6886,3950,4924,3566,4312,6703,-7275,2817,3134,6034,6745,2356,4939,5029,3161
Philippines,Exports,1116549,1118234,1229078,1367212,1654932,1430283,1455141,1194254,1225542,1206732,898526,1082779,1170890,1329198,980583,903601,1005828,965175,981095,908860,1009146,1066012,1001918,982646,888000,814908,916638,877251,849391,1014441,896456,692502,567314,821266,868932,1048522
Philippines,Imports,592778,581054,646820,599147,1121526,1358580,1219107,1165111,1126651,1112063,962299,1024236,1111297,929167,946558,909166,986348,934416,854834,895423,861358,898912,821546,743341,818118,785946,757489,834705,857117,973394,889759,733533,600246,758664,759531,730334
Philippines,TradeBalance,523771,537180,582258,768065,533406,71703,236034,29143,98891,94669,-63773,58543,59593,400031,34025,-5565,19480,30759,126261,13437,147788,167100,180372,239305,69882,28962,159149,42546,-7726,41047,6697,-41031,-32932,62602,109401,318188
Poland,Exports,53076,63246,47942,53511,48436,57658,57747,51670,65823,50459,39804,60979,59941,56197,50546,51404,49199,45140,43915,49028,46944,54932,37660,46014,53566,54076,48649,41626,40421,36221,27678,28652,26595,37580,41220,50945
Poland,Imports,61324,59504,72936,82610,64268,57608,64196,68693,68894,82195,57103,60535,79301,67425,64253,65538,61559,57666,58077,53098,61091,59145,45736,47566,57325,53148,45656,50657,39813,38295,40937,35833,49027,53397,58527,50706
Poland,TradeBalance,-8248,3742,-24994,-29099,-15832,50,-6449,-17023,-3071,-31736,-17299,444,-19360,-11228,-13707,-14134,-12360,-12526,-14162,-4070,-14147,-4213,-8076,-1552,-3759,928,2993,-9031,608,-2074,-13259,-7181,-22432,-15817,-17307,239
Portugal,Exports,123349,74028,81811,149219,100757,141847,86877,82412,138630,70003,69206,56042,59486,67869,58961,50150,61307,47079,46457,44171,45391,44301,34872,46491,30815,33579,30497,26513,31643,25488,19641,14869,19389,37641,173042,79493
Portugal,Imports,31026,33086,39971,47500,45507,46337,46698,36291,32570,27227,26909,79995,40730,46248,31786,23695,37947,23965,26654,29598,21087,25598,26206,31518,37606,32639,24745,25179,29154,39276,40270,28262,33372,23454,25936,43064
Portugal,TradeBalance,92323,40942,41840,101719,55250,95510,40179,46121,106060,42776,42297,-23953,18756,21621,27175,26455,23360,23114,19803,14573,24304,18703,8666,14973,-6791,940,5752,1334,2489,-13788,-20629,-13393,-13983,14187,147106,36429
Puerto Rico,Exports,4234,56271,49109,74606,32665,88272,88641,68112,44964,72734,42760,61126,50839,71697,58921,66397,61679,153908,202000,174375,204614,53094,174228,119996,21145,98322,75095,58576,108383,86994,101227,213163,214925,126074,141569,210260
Puerto Rico,Imports,8375,16518,5480,9831,14898,16567,9667,12158,16699,8633,14619,7191,9797,7702,8677,7255,9454,10550,13472,10596,14897,12719,6070,7893,15952,8948,18630,9590,3825,7209,7998,8257,13656,19178,9634,8214
Puerto Rico,TradeBalance,-4141,39753,43629,64775,17767,71705,78974,55954,28265,64101,28141,53935,41042,63995,50244,59142,52225,143358,188528,163779,189717,40375,168158,112103,5193,89374,56465,48986,104558,79785,93229,204906,201269,106896,131935,202046
Qatar,Exports,64520,172041,99750,95392,101056,96592,91131,95147,83902,106031,92609,56135,73090,84556,104376,85148,72064,72604,91253,67345,91589,116734,73835,79839,50873,47072,142721,59239,44457,59271,33201,25870,39314,232164,86612,63229
Qatar,Imports,640131,476149,528921,766915,827737,692186,651773,557744,567212,304196,599833,429490,665939,795068,603117,671183,561152,819056,509496,310420,431580,542262,466001,347096,205269,367074,255004,235402,256288,232299,292131,263401,394261,655950,1012134,699137
Qatar,TradeBalance,-575611,-304108,-429171,-671523,-726681,-595594,-560642,-462597,-483310,-198165,-507224,-373355,-592849,-710512,-498741,-586035,-489088,-746452,-418243,-243075,-339991,-425528,-392166,-267257,-154396,-320002,-112283,-176163,-211831,-173028,-258930,-237531,-354947,-423786,-925522,-635908
Republic Of Korea,Exports,2865718,2165065,2330102,2896148,2412712,2397646,2915966,2146717,2343752,2390691,1725244,2139479,2446975,2260605,2267930,2086562,2213401,2203509,2429471,1945102,2431299,2385768,1831886,1941984,2170792,1791427,1813083,1848431,1896800,2083189,2112428,1483638,1646735,2203105,2064426,2003359
Republic Of Korea,Imports,3207322,2863026,3044583,3113799,3841813,4382579,4120895,3678194,3557581,4028469,3042073,3341610,3432708,3111651,2662036,2896750,2540005,2545749,2352789,2155556,2052039,2390216,1792797,1863922,2111471,1825903,1863340,1783968,1438583,1808738,1506803,1285241,1815269,2006546,1927140,2078134
Republic Of Korea,TradeBalance,-341604,-697961,-714481,-217651,-1429101,-1984933,-1204929,-1531477,-1213829,-1637778,-1316829,-1202131,-985733,-851046,-394106,-810188,-326604,-342240,76682,-210454,379260,-4448,39089,78062,59321,-34476,-50257,64463,458217,274451,605625,198397,-168534,196559,137286,-74775
Saudi Arabia,Exports,102899,106397,242241,310368,119219,131655,99753,87918,92988,101324,68465,92452,94612,88761,88324,159552,185671,76219,95390,72854,72107,82898,121528,138420,117440,130643,383010,279326,119236,146683,128019,76943,84083,90619,115931,109237
Saudi Arabia,Imports,801168,866619,1010564,954922,1081996,1003667,946997,1441814,767599,1701009,1040074,920723,1061601,684635,634685,455760,662959,801349,1021200,402063,489029,794911,538287,740428,718909,499098,476869,1127040,648954,455710,405429,425003,432733,435911,673261,669964
Saudi Arabia,TradeBalance,-698269,-760222,-768323,-644554,-962777,-872012,-847244,-1353896,-674611,-1599685,-971609,-828271,-966989,-595874,-546361,-296208,-477288,-725130,-925810,-329209,-416922,-712013,-416759,-602008,-601469,-368455,-93859,-847714,-529718,-309027,-277410,-348060,-348650,-345292,-557330,-560727
Slovak Republic,Exports,1217,2481,11506,11752,8491,7196,4725,4547,5283,3207,3637,7025,7541,17793,25664,22473,16048,8584,23025,7668,17124,7573,23128,17610,13013,2612,2018,1908,2655,1910,1659,1933,2413,2584,3068,2113
Slovak Republic,Imports,9115,7487,9522,7399,10549,10839,7301,9303,8311,8786,6294,9865,19244,9600,8960,7722,7641,11291,11325,10824,10116,9032,7707,8307,13720,8318,8711,7723,9106,8090,6745,7101,12895,11601,8328,9510
Slovak Republic,TradeBalance,-7898,-5006,1984,4353,-2058,-3643,-2576,-4756,-3028,-5579,-2657,-2840,-11703,8193,16704,14751,8407,-2707,11700,-3156,7008,-1459,15421,9303,-707,-5706,-6693,-5815,-6451,-6180,-5086,-5168,-10482,-9017,-5260,-7397
Slovenia,Exports,4546,6222,5236,2679,2361,6190,5771,1988,4834,3457,3112,36764,3612,37348,2085,3760,1758,3405,1720,4669,8742,5032,2064,3255,5651,2954,5755,6963,2511,2627,3321,2033,4166,4278,4599,3703
Slovenia,Imports,7106,8502,8759,7816,7957,7600,6371,7274,7804,6130,5385,5564,8420,7839,7535,6895,7567,6739,9319,7463,6274,5945,4852,5404,4797,4560,4601,4417,5942,6289,4166,8059,5607,6647,3840,4095
Slovenia,TradeBalance,-2560,-2280,-3523,-5137,-5596,-1410,-600,-5286,-2970,-2673,-2273,31200,-4808,29509,-5450,-3135,-5809,-3334,-7599,-2794,2468,-913,-2788,-2149,854,-1606,1154,2546,-3431,-3662,-845,-6026,-1441,-2369,759,-392
Solomon Islands,Exports,6018,7120,7749,9035,13854,21651,5764,18051,9826,5274,4775,6286,7976,5435,10623,8087,8025,3552,6254,4803,4914,10205,4668,8081,4351,1402,4965,2839,6997,3664,3516,2043,2390,2287,2525,6109
Solomon Islands,Imports,3,13,21,4,2,0,5,8,0,0,3,0,0,3,0,0,2,0,6,0,1,0,1,111,248,0,69,255,213,398,0,1,0,5,1,0
Solomon Islands,TradeBalance,6015,7107,7728,9031,13852,21651,5759,18043,9826,5274,4772,6286,7976,5432,10623,8087,8023,3552,6248,4803,4913,10205,4667,7970,4103,1402,4896,2584,6784,3266,3516,2042,2390,2282,2524,6109
South Sudan,Imports,33107,27952,0,14777,0,12,16751,0,0,0,0,0,18161,0,52394,20088,23336,0,1019,0,0,0,0,0,0,88,0,0,0,0,0,0,0,0,0,1443
South Sudan,TradeBalance,-33107,-27952,0,-14777,0,-12,-16751,0,0,0,0,0,-18161,0,-52394,-20088,-23336,0,-1019,0,0,0,0,0,0,-88,0,0,0,0,0,0,0,0,0,-1443
Spain,Exports,46151,23462,32247,35478,41036,52271,91769,27936,53408,90387,25349,67787,40324,42333,48563,29326,148569,45205,32889,30847,29869,27462,62422,31175,32110,45953,38194,26484,50855,166614,37339,19345,16215,38771,35046,33043
Spain,Imports,262629,245875,184146,209987,200170,178600,317461,189520,274544,295111,160044,161163,224196,241436,136456,127511,127928,161918,158635,151689,122269,152000,74255,96740,122939,102382,108532,105065,96174,116899,90908,111422,83269,130455,130066,122480
Spain,TradeBalance,-216478,-222413,-151899,-174509,-159134,-126329,-225692,-161584,-221136,-204724,-134695,-93376,-183872,-199103,-87893,-98185,20641,-116713,-125746,-120842,-92400,-124538,-11833,-65565,-90829,-56429,-70338,-78581,-45319,49715,-53569,-92077,-67054,-91684,-95020,-89437
Sri Lanka,Exports,134049,133349,93118,191920,121017,73049,54396,94567,94393,145333,136719,156549,152800,193618,194731,157467,161009,77275,82255,93560,197683,105115,85550,72761,80989,141900,117123,140705,120872,150201,115818,40574,45174,128041,135836,121200
Sri Lanka,Imports,10737,12169,14721,13436,12789,13242,13958,10004,11842,10342,10057,10925,11878,11604,10088,9654,9726,8714,9428,5896,7863,32912,14725,15355,23637,6557,8767,12610,8154,16097,5687,9588,8402,6493,9415,8913
Sri Lanka,TradeBalance,123312,121180,78397,178484,108228,59807,40438,84563,82551,134991,126662,145624,140922,182014,184643,147813,151283,68561,72827,87664,189820,72203,70825,57406,57352,135343,108356,128095,112718,134104,110131,30986,36772,121548,126421,112287
St Vincent & The Grenadines,Imports,0,0,2,21,0,0,1,0,0,0,0,0,1,0,0,0,0,0,0,0,41,1,0,0,6,0,2,0,0,4,0,0,0,4,1,3
St Vincent & The Grenadines,TradeBalance,0,0,-2,-21,0,0,-1,0,0,0,0,0,-1,0,0,0,0,0,0,0,-41,-1,0,0,-6,0,-2,0,0,-4,0,0,0,-4,-1,-3
Sweden,Exports,14099,18936,21361,21764,18788,19968,22822,11129,20895,24562,14674,13597,13487,17510,18183,13183,16880,11893,14913,16732,20342,17025,14152,13449,14856,17257,16722,18006,15439,9140,14999,12139,18116,18976,24780,21083
Sweden,Imports,162253,196484,180230,143127,107557,181260,168909,170417,163301,257417,175309,149089,181120,175272,204238,166433,209660,176030,185878,158396,173900,150127,123206,128405,161400,111295,134101,114475,84892,123624,125208,116142,129160,220796,98183,118465
Sweden,TradeBalance,-148154,-177548,-158869,-121363,-88769,-161292,-146087,-159288,-142406,-232855,-160635,-135492,-167633,-157762,-186055,-153250,-192780,-164137,-170965,-141664,-153558,-133102,-109054,-114956,-146544,-94038,-117379,-96469,-69453,-114484,-110209,-104003,-111044,-201820,-73403,-97382
Switzerland,Exports,311701,328426,362032,579719,440859,246381,309727,279856,466125,448109,225132,297857,310323,347697,479744,243301,319573,724846,366378,156627,332143,552170,291569,474727,118009,226803,582541,188549,242450,405589,302811,137199,434360,390795,213962,253980
Switzerland,Imports,992687,949410,1811943,1758858,1420434,1937455,941426,1433645,844154,1000366,988959,1374633,773415,991215,975916,982530,592419,880337,627453,918046,1004553,1901500,639679,753225,631159,798242,597361,597220,818335,726897,560427,446190,482705,832311,724391,970886
Switzerland,TradeBalance,-680986,-620984,-1449911,-1179139,-979575,-1691074,-631699,-1153789,-378029,-552257,-763827,-1076776,-463092,-643518,-496172,-739229,-272846,-155491,-261075,-761419,-672410,-1349330,-348110,-278498,-513150,-571439,-14820,-408671,-575885,-321308,-257616,-308991,-48345,-441516,-510429,-716906
Syrian Arab Republic,Exports,260,62,116,85,0,147,84,0,54,88,839,54,0,263,576,52,488,243,0,260,836,0,12,124,1,256,6,296,647,680,1525,1977,42,757,1046,218
Syrian Arab Republic,Imports,0,0,3,17,0,0,32,0,0,4,0,0,0,0,0,2,0,0,0,1,0,0,0,0,87,0,0,0,7,0,1,0,0,1,0,4
Syrian Arab Republic,TradeBalance,260,62,113,68,0,147,52,0,54,84,839,54,0,263,576,50,488,243,0,259,836,0,12,124,-86,256,6,296,640,680,1524,1977,42,756,1046,214
Taiwan,Exports,2768573,2667565,3034201,2875136,2621213,3301359,3102858,2832744,3158164,3112130,2484476,2849971,2942434,3012214,2737217,2484410,2978902,2677135,2374868,2356025,2431138,2661713,2207809,2422816,2729473,2191565,2127798,2200083,2029872,2076340,2016863,1723954,2063432,2122623,1972685,1879918
Taiwan,Imports,5357878,5319407,6484560,5683947,7174679,7306972,7548824,6676629,6866989,7467443,6469836,6978727,6949931,6462480,6053996,6184737,6519894,6094544,5420654,4846977,5220537,5375548,4566233,4930154,4911663,4524369,4501984,4566452,4235913,4299946,4333513,3711610,3910062,3852722,3647659,3571356
Taiwan,TradeBalance,-2589305,-2651842,-3450359,-2808811,-4553466,-4005613,-4445966,-3843885,-3708825,-4355313,-3985360,-4128756,-4007497,-3450266,-3316779,-3700327,-3540992,-3417409,-3045786,-2490952,-2789399,-2713835,-2358424,-2507338,-2182190,-2332804,-2374186,-2366369,-2206041,-2223606,-2316650,-1987656,-1846630,-1730099,-1674974,-1691438
Thailand,Exports,1790423,1762557,1965567,2241114,2254888,2197398,1931552,2033102,2071321,1997489,1645446,2225138,1988820,1714880,1629858,1727737,1907122,1710339,1782396,1660820,1691105,1840984,1410067,1906010,1582628,1708670,1722178,1592499,1573936,1452448,1309206,1215694,1408737,2504510,1703571,1689722
Thailand,Imports,1116398,1241990,1431165,1343781,1511871,1636787,2034027,1440319,1529457,2248986,1231562,1239894,1451572,1283600,1180430,1160078,1228663,1225879,1146806,1122697,887173,916087,813753,746376,938739,741260,906194,902423,1440609,1205586,801372,995812,1983188,1087792,1371864,1119938
Thailand,TradeBalance,674025,520567,534402,897333,743017,560611,-102475,592783,541864,-251497,413884,985244,537248,431280,449428,567659,678459,484460,635590,538123,803932,924897,596314,1159634,643889,967410,815984,690076,133327,246862,507834,219882,-574451,1416718,331707,569784
Trinidad & Tobago,Imports,64,2854,31,58,80568,3033,73,47,55,24,30,68,44,27,189,80,89,51,58,51,56,115,43,29,29405,11,10,69,32,50,609,41,52,77,27,26
Trinidad & Tobago,TradeBalance,-64,-2854,-31,-58,-80568,-3033,-73,-47,-55,-24,-30,-68,-44,-27,-189,-80,-89,-51,-58,-51,-56,-115,-43,-29,-29405,-11,-10,-69,-32,-50,-609,-41,-52,-77,-27,-26
Tuvalu,Imports,0,0,1,0,0,0,0,0,0,0,0,0,0,0,0,0,0,5,0,0,0,0,0,0,0,0,0,0,0,1,29,0,0,0,0,0
Tuvalu,TradeBalance,0,0,-1,0,0,0,0,0,0,0,0,0,0,0,0,0,0,-5,0,0,0,0,0,0,0,0,0,0,0,-1,-29,0,0,0,0,0
United Arab Emirates,Exports,625765,901306,573275,813202,975155,586314,456655,735218,530153,675048,505840,810537,504715,572477,490172,487901,367587,345748,431532,353291,418939,529311,529671,362485,386777,386238,359902,319082,424018,269358,261461,190829,219470,411904,524626,457369
United Arab Emirates,Imports,1212293,1205738,1642118,2315066,1629843,2225339,1812158,2110593,2076593,2307579,1486825,1619973,2186761,1644999,1901779,1800164,1450713,1438091,1125208,1287523,1142398,1142123,1007019,716893,899563,374463,666893,1798522,601540,384810,318246,453294,526619,635944,1134202,816041
United Arab Emirates,TradeBalance,-586528,-304432,-1068843,-1501864,-654688,-1639025,-1355503,-1375375,-1546440,-1632531,-980985,-809436,-1682046,-1072522,-1411607,-1312263,-1083126,-1092343,-693676,-934232,-723459,-612812,-477348,-354408,-512786,11775,-306991,-1479440,-177522,-115452,-56785,-262465,-307149,-224040,-609576,-358672
United Kingdom,Exports,360897,322583,357153,379348,498657,405922,397429,391484,378595,426125,451265,330083,324315,385453,380694,383558,628301,498178,355144,364775,336185,372084,304588,317961,294080,236817,265371,670230,1174141,283611,1006811,296497,440803,397029,422200,362682
United Kingdom,Imports,940088,1050419,859994,1131385,753406,802819,909903,985209,873970,886714,769356,948415,799724,1000940,691322,682080,649629,793211,844336,569827,691934,878956,750573,858409,755324,635420,802840,762179,863043,830637,739542,1104023,849831,1136172,1321706,1104098
United Kingdom,TradeBalance,-579191,-727836,-502841,-752037,-254749,-396897,-512474,-593725,-495375,-460589,-318091,-618332,-475409,-615487,-310628,-298522,-21328,-295033,-489192,-205052,-355749,-506872,-445985,-540448,-461244,-398603,-537469,-91949,311098,-547026,267269,-807526,-409028,-739143,-899506,-741416
United States,Exports,4671228,4787358,5070780,5278523,6094432,4854897,5413551,4487599,5451780,6504517,4036717,5127133,4684874,4604658,4433961,4361404,4240841,3923594,4191522,4520742,4298002,4526456,3789887,3808376,4720384,4297062,4051550,3842487,3846306,5935191,4015195,4933943,5439082,4782306,4258825,3929020
United States,Imports,5314219,5832049,6163496,6537215,6575058,6158055,6219803,6889723,6441534,5939553,4444812,4451719,5184086,4928752,4870712,4593607,4826352,4579501,4418947,4182550,5035984,4466412,3573937,3688415,3794181,3535956,4161758,3906548,3476117,3815609,3825437,3554966,4408653,5001588,4398257,4497881
United States,TradeBalance,-642991,-1044691,-1092716,-1258692,-480626,-1303158,-806252,-2402124,-989754,564964,-408095,675414,-499212,-324094,-436751,-232203,-585511,-655907,-227425,338192,-737982,60044,215950,119961,926203,761106,-110208,-64061,370189,2119582,189758,1378977,1030429,-219282,-139432,-568861
Uruguay,Exports,3822,947,1885,969,2100,2455,1693,2026,1239,931,1558,1943,1117,1578,718,1663,882,1731,1047,858,690,1942,453,1010,567,1025,1782,886,1454,1179,663,933,394,1159,443,1250
Uruguay,Imports,635,779,1123,3311,806,5398,1982,27476,2387,130093,3137,15600,2479,2914,2290,1344,1076,837,1879,1146,516,2554,925,365,1254,996,544,99,13,1695,1849,1334,1991,1136,543,1205
Uruguay,TradeBalance,3187,168,762,-2342,1294,-2943,-289,-25450,-1148,-129162,-1579,-13657,-1362,-1336,-1572,319,-194,894,-832,-288,174,-612,-472,645,-687,29,1238,787,1441,-516,-1186,-401,-1597,23,-100,45
Venezuela,Exports,39,482,676,64,136,261,28,180,438,369,109,285,76,882,31,1181,17,215,74,105,949,37,8,3395,15,131,26,7,52,5,149,417,179,214,464,99
Venezuela,Imports,89,720,885,238,803,442,251,113,140,4,17,38,0,0,3,8,8,421,241,148,74,22,217,39,128,70,7,37,9,29,34,87,27,91,135,1266
Venezuela,TradeBalance,-50,-238,-209,-174,-667,-181,-223,67,298,365,92,247,76,882,28,1173,9,-206,-167,-43,875,15,-209,3356,-113,61,19,-30,43,-24,115,330,152,123,329,-1167
"Vietnam, Socialist Republic Of",Exports,1958783,1568729,1730554,2375792,2259090,2086867,2151719,1872698,1922464,2236449,1770380,1798392,2274199,1928255,1704354,1715696,1742412,1648685,1741781,1581962,1770996,1758115,1402805,1766128,1636831,1517606,1433309,1499010,1463700,1533658,1563752,1221984,1013515,1378299,1528014,1361099
"Vietnam, Socialist Republic Of",Imports,567388,488956,522441,594893,688285,759728,706136,781847,821194,636576,445527,561237,543819,522067,482411,457422,458180,546322,493850,452596,517227,541037,441952,428287,448861,452676,461096,387740,416849,368501,312667,337519,832510,563463,570763,381987
"Vietnam, Socialist Republic Of",TradeBalance,1391395,1079773,1208113,1780899,1570805,1327139,1445583,1090851,1101270,1599873,1324853,1237155,1730380,1406188,1221943,1258274,1284232,1102363,1247931,1129366,1253769,1217078,960853,1337841,1187970,1064930,972213,1111270,1046851,1165157,1251085,884465,181005,814836,957251,979112
Wallis & Fatuna Islands,Imports,0,0,0,0,0,0,0,1,0,0,0,178,0,0,0,3,0,0,1,0,0,0,21,3,94,55,0,0,0,0,0,0,0,0,0,8
Wallis & Fatuna Islands,TradeBalance,0,0,0,0,0,0,0,-1,0,0,0,-178,0,0,0,-3,0,0,-1,0,0,0,-21,-3,-94,-55,0,0,0,0,0,0,0,0,0,-8
Yemen,Exports,566,1322,700,1464,1463,567,1060,294,351,1368,1326,889,1590,594,694,1096,1509,619,1093,905,1687,1737,1024,2760,585,1927,2007,1350,330,1444,681,640,861,3334,1554,720
Yemen,Imports,629,106,265,48,151,499,245,618,341,172,454,2,687,611,1802,1016,134,958,17,486,116,4,464,0,855,292,2194,1142,35145,67,557,306,87,240,145,70
Yemen,TradeBalance,-63,1216,435,1416,1312,68,815,-324,10,1196,872,887,903,-17,-1108,80,1375,-339,1076,419,1571,1733,560,2760,-270,1635,-187,208,-34815,1377,124,334,774,3094,1409,650
Yemen Democratic,Exports,0,0,0,0,0,0,0,0,0,0,0,0,0,0,0,0,0,0,0,0,0,0,0,0,0,0,0,0,0,0,0,0,0,0,0,0
Yemen Democratic,Imports,0,0,0,0,0,0,0,0,0,0,0,0,0,0,0,0,0,0,0,0,0,0,0,0,0,0,0,0,0,0,0,0,0,0,0,0
Yemen Democratic,TradeBalance,0,0,0,0,0,0,0,0,0,0,0,0,0,0,0,0,0,0,0,0,0,0,0,0,0,0,0,0,0,0,0,0,0,0,0,0
